{
  "id": "DnD3.5e",
  "title": "A DnD3.5e system for friends",
  "description": "Custom implementation of the DnD 3.5e in Foundry",
  "version": "1.0.0",
  "compatibility": {
    "minimum": 12,
    "verified": 12
  },
  "authors": [
    {
      "name": "Félix Riedel",
      "url": "",
      "email": "felixriedel@skiff.com",
      "discord": ""
    }
  ],
  "esmodules": ["dnd35esystem.mjs"],
  "styles": ["styles/system-styles.css"],
  "packs": [],
  "languages": [{
    "lang": "en",
    "name": "English",
    "path": "lang/en.json"
  }],
  "documentTypes": {
    "Actor": {
      "hero": { "htmlFields": ["background.biography"] },
      "villain": { "htmlFields": ["background.biography"] },
      "pawn": {}
    },
    "Item": {
      "weapon": {},
      "spell": {}
    }
  },
  "socket": false,
  "initiative": "1d20",
  "grid": {
    "distance": 10,
    "units": "ft"
  },
  "primaryTokenAttribute": "resources.health",
  "url": "",
  "manifest": "https://github.com/F3lixitas/DnD3.5e-foundry/system.json",
  "download": "https://github.com/F3lixitas/DnD3.5e-foundry/archive.zip"
}